starttime,seconds,ctime,dtime,ttime,wait
Sun Dec 12 15:15:48 2021,1639340148,0,157,157,155
Sun Dec 12 15:15:48 2021,1639340148,1,163,164,162
Sun Dec 12 15:15:48 2021,1639340148,1,194,195,193
Sun Dec 12 15:15:52 2021,1639340152,0,204,204,186
Sun Dec 12 15:15:48 2021,1639340148,2,213,215,213
Sun Dec 12 15:15:50 2021,1639340150,0,233,233,233
Sun Dec 12 15:16:05 2021,1639340165,0,233,234,233
Sun Dec 12 15:15:48 2021,1639340148,1,234,235,234
Sun Dec 12 15:16:03 2021,1639340163,0,237,237,237
Sun Dec 12 15:15:49 2021,1639340149,0,237,238,237
Sun Dec 12 15:15:50 2021,1639340150,0,239,239,239
Sun Dec 12 15:15:49 2021,1639340149,0,244,244,244
Sun Dec 12 15:15:49 2021,1639340149,0,245,245,245
Sun Dec 12 15:16:05 2021,1639340165,0,245,245,245
Sun Dec 12 15:15:49 2021,1639340149,0,246,246,246
Sun Dec 12 15:15:49 2021,1639340149,0,248,248,247
Sun Dec 12 15:15:49 2021,1639340149,0,250,250,250
Sun Dec 12 15:15:49 2021,1639340149,0,253,253,253
Sun Dec 12 15:15:51 2021,1639340151,0,254,254,249
Sun Dec 12 15:15:53 2021,1639340153,0,258,258,257
Sun Dec 12 15:15:49 2021,1639340149,0,261,261,261
Sun Dec 12 15:15:49 2021,1639340149,0,264,264,263
Sun Dec 12 15:15:49 2021,1639340149,0,265,265,254
Sun Dec 12 15:15:48 2021,1639340148,1,264,265,263
Sun Dec 12 15:15:48 2021,1639340148,1,270,272,270
Sun Dec 12 15:15:49 2021,1639340149,0,274,274,273
Sun Dec 12 15:15:57 2021,1639340157,0,275,275,259
Sun Dec 12 15:15:49 2021,1639340149,0,278,278,262
Sun Dec 12 15:15:52 2021,1639340152,0,278,278,277
Sun Dec 12 15:15:49 2021,1639340149,0,279,279,279
Sun Dec 12 15:15:49 2021,1639340149,0,284,284,283
Sun Dec 12 15:15:49 2021,1639340149,0,287,287,283
Sun Dec 12 15:15:49 2021,1639340149,0,287,288,287
Sun Dec 12 15:15:49 2021,1639340149,0,288,288,287
Sun Dec 12 15:15:48 2021,1639340148,1,287,288,286
Sun Dec 12 15:16:05 2021,1639340165,0,288,288,287
Sun Dec 12 15:15:59 2021,1639340159,0,290,290,283
Sun Dec 12 15:15:49 2021,1639340149,0,290,290,289
Sun Dec 12 15:15:59 2021,1639340159,0,291,292,291
Sun Dec 12 15:15:48 2021,1639340148,1,291,292,286
Sun Dec 12 15:15:55 2021,1639340155,0,295,296,294
Sun Dec 12 15:15:49 2021,1639340149,0,297,297,294
Sun Dec 12 15:15:49 2021,1639340149,0,298,298,298
Sun Dec 12 15:15:49 2021,1639340149,0,304,304,304
Sun Dec 12 15:15:49 2021,1639340149,0,304,304,302
Sun Dec 12 15:15:48 2021,1639340148,1,304,306,303
Sun Dec 12 15:15:49 2021,1639340149,0,307,307,281
Sun Dec 12 15:15:49 2021,1639340149,0,311,311,306
Sun Dec 12 15:15:51 2021,1639340151,0,311,311,311
Sun Dec 12 15:15:48 2021,1639340148,1,310,312,308
Sun Dec 12 15:15:48 2021,1639340148,1,312,314,311
Sun Dec 12 15:15:52 2021,1639340152,0,315,315,314
Sun Dec 12 15:15:59 2021,1639340159,0,315,315,314
Sun Dec 12 15:15:58 2021,1639340158,0,318,318,318
Sun Dec 12 15:15:49 2021,1639340149,0,319,319,316
Sun Dec 12 15:15:53 2021,1639340153,0,324,324,323
Sun Dec 12 15:16:03 2021,1639340163,0,329,329,327
Sun Dec 12 15:16:01 2021,1639340161,0,331,331,331
Sun Dec 12 15:15:53 2021,1639340153,0,332,332,303
Sun Dec 12 15:15:49 2021,1639340149,0,332,332,323
Sun Dec 12 15:16:03 2021,1639340163,0,333,333,332
Sun Dec 12 15:15:57 2021,1639340157,0,333,333,332
Sun Dec 12 15:15:52 2021,1639340152,0,334,334,333
Sun Dec 12 15:15:49 2021,1639340149,0,334,334,334
Sun Dec 12 15:16:03 2021,1639340163,0,335,335,335
Sun Dec 12 15:15:49 2021,1639340149,0,336,336,324
Sun Dec 12 15:16:05 2021,1639340165,0,336,336,336
Sun Dec 12 15:15:49 2021,1639340149,0,337,337,336
Sun Dec 12 15:16:00 2021,1639340160,0,340,340,337
Sun Dec 12 15:16:03 2021,1639340163,0,345,345,344
Sun Dec 12 15:15:57 2021,1639340157,0,346,346,344
Sun Dec 12 15:15:51 2021,1639340151,0,347,347,332
Sun Dec 12 15:15:49 2021,1639340149,0,351,351,350
Sun Dec 12 15:15:49 2021,1639340149,0,352,352,348
Sun Dec 12 15:16:01 2021,1639340161,0,353,353,350
Sun Dec 12 15:15:58 2021,1639340158,0,354,354,351
Sun Dec 12 15:15:49 2021,1639340149,0,356,356,348
Sun Dec 12 15:15:58 2021,1639340158,0,358,358,358
Sun Dec 12 15:16:00 2021,1639340160,0,359,359,359
Sun Dec 12 15:16:01 2021,1639340161,0,361,361,360
Sun Dec 12 15:15:58 2021,1639340158,0,361,361,361
Sun Dec 12 15:15:50 2021,1639340150,0,363,363,356
Sun Dec 12 15:16:02 2021,1639340162,0,363,363,362
Sun Dec 12 15:15:57 2021,1639340157,0,364,364,358
Sun Dec 12 15:15:58 2021,1639340158,0,366,366,365
Sun Dec 12 15:15:59 2021,1639340159,0,367,367,366
Sun Dec 12 15:16:02 2021,1639340162,0,367,367,367
Sun Dec 12 15:15:59 2021,1639340159,0,368,368,360
Sun Dec 12 15:15:53 2021,1639340153,0,369,369,350
Sun Dec 12 15:15:49 2021,1639340149,0,370,370,369
Sun Dec 12 15:16:04 2021,1639340164,0,370,370,368
Sun Dec 12 15:15:57 2021,1639340157,0,371,371,368
Sun Dec 12 15:15:53 2021,1639340153,0,372,372,361
Sun Dec 12 15:15:50 2021,1639340150,0,373,373,370
Sun Dec 12 15:16:00 2021,1639340160,0,376,376,360
Sun Dec 12 15:15:54 2021,1639340154,0,376,376,352
Sun Dec 12 15:15:51 2021,1639340151,0,376,376,376
Sun Dec 12 15:15:49 2021,1639340149,0,378,378,375
Sun Dec 12 15:16:00 2021,1639340160,0,381,381,380
Sun Dec 12 15:15:49 2021,1639340149,0,381,381,369
Sun Dec 12 15:16:01 2021,1639340161,0,382,382,380
Sun Dec 12 15:15:52 2021,1639340152,0,383,383,382
Sun Dec 12 15:15:55 2021,1639340155,0,384,384,384
Sun Dec 12 15:15:56 2021,1639340156,0,384,384,383
Sun Dec 12 15:16:05 2021,1639340165,0,384,384,384
Sun Dec 12 15:15:54 2021,1639340154,0,385,385,383
Sun Dec 12 15:15:56 2021,1639340156,0,385,385,385
Sun Dec 12 15:15:52 2021,1639340152,0,386,386,360
Sun Dec 12 15:15:55 2021,1639340155,0,388,389,384
Sun Dec 12 15:15:59 2021,1639340159,0,389,389,388
Sun Dec 12 15:16:03 2021,1639340163,0,391,391,377
Sun Dec 12 15:15:58 2021,1639340158,0,392,392,391
Sun Dec 12 15:15:48 2021,1639340148,1,392,393,391
Sun Dec 12 15:15:57 2021,1639340157,0,396,396,396
Sun Dec 12 15:15:50 2021,1639340150,0,397,397,397
Sun Dec 12 15:16:05 2021,1639340165,0,398,398,397
Sun Dec 12 15:15:49 2021,1639340149,0,400,400,399
Sun Dec 12 15:16:04 2021,1639340164,0,401,401,398
Sun Dec 12 15:15:57 2021,1639340157,0,401,401,401
Sun Dec 12 15:15:49 2021,1639340149,0,406,406,404
Sun Dec 12 15:15:52 2021,1639340152,0,406,406,405
Sun Dec 12 15:15:51 2021,1639340151,0,408,408,407
Sun Dec 12 15:16:00 2021,1639340160,0,408,408,408
Sun Dec 12 15:15:55 2021,1639340155,0,408,408,408
Sun Dec 12 15:15:49 2021,1639340149,0,410,410,408
Sun Dec 12 15:15:55 2021,1639340155,0,411,411,400
Sun Dec 12 15:15:49 2021,1639340149,0,411,411,406
Sun Dec 12 15:15:57 2021,1639340157,0,413,413,413
Sun Dec 12 15:15:51 2021,1639340151,0,414,414,410
Sun Dec 12 15:16:02 2021,1639340162,0,415,415,397
Sun Dec 12 15:15:59 2021,1639340159,0,415,415,414
Sun Dec 12 15:15:58 2021,1639340158,0,416,416,412
Sun Dec 12 15:15:51 2021,1639340151,0,416,416,409
Sun Dec 12 15:15:48 2021,1639340148,1,415,416,415
Sun Dec 12 15:16:01 2021,1639340161,0,418,418,416
Sun Dec 12 15:15:48 2021,1639340148,1,418,419,415
Sun Dec 12 15:15:49 2021,1639340149,0,420,420,417
Sun Dec 12 15:16:04 2021,1639340164,0,420,420,420
Sun Dec 12 15:16:02 2021,1639340162,0,421,421,417
Sun Dec 12 15:15:49 2021,1639340149,0,422,422,421
Sun Dec 12 15:16:04 2021,1639340164,0,422,422,422
Sun Dec 12 15:15:53 2021,1639340153,0,424,424,423
Sun Dec 12 15:15:50 2021,1639340150,0,425,425,424
Sun Dec 12 15:15:58 2021,1639340158,0,425,425,425
Sun Dec 12 15:15:53 2021,1639340153,0,425,425,425
Sun Dec 12 15:15:58 2021,1639340158,0,426,426,426
Sun Dec 12 15:15:53 2021,1639340153,0,426,426,422
Sun Dec 12 15:15:52 2021,1639340152,0,428,428,427
Sun Dec 12 15:15:56 2021,1639340156,0,429,429,425
Sun Dec 12 15:16:03 2021,1639340163,0,430,430,419
Sun Dec 12 15:15:57 2021,1639340157,0,432,432,432
Sun Dec 12 15:16:03 2021,1639340163,0,432,432,431
Sun Dec 12 15:15:57 2021,1639340157,0,433,433,432
Sun Dec 12 15:15:59 2021,1639340159,0,433,433,432
Sun Dec 12 15:15:53 2021,1639340153,0,434,434,432
Sun Dec 12 15:16:05 2021,1639340165,0,434,434,434
Sun Dec 12 15:16:02 2021,1639340162,0,434,434,433
Sun Dec 12 15:15:53 2021,1639340153,0,436,436,425
Sun Dec 12 15:15:52 2021,1639340152,0,437,437,437
Sun Dec 12 15:15:52 2021,1639340152,0,437,437,417
Sun Dec 12 15:16:00 2021,1639340160,0,438,439,438
Sun Dec 12 15:16:04 2021,1639340164,0,439,439,438
Sun Dec 12 15:15:51 2021,1639340151,0,440,440,440
Sun Dec 12 15:16:00 2021,1639340160,0,441,441,441
Sun Dec 12 15:15:50 2021,1639340150,0,441,441,438
Sun Dec 12 15:15:58 2021,1639340158,0,441,441,441
Sun Dec 12 15:15:48 2021,1639340148,1,441,442,441
Sun Dec 12 15:15:50 2021,1639340150,0,443,443,386
Sun Dec 12 15:16:01 2021,1639340161,0,443,443,443
Sun Dec 12 15:15:58 2021,1639340158,0,444,444,443
Sun Dec 12 15:16:02 2021,1639340162,0,445,445,438
Sun Dec 12 15:15:58 2021,1639340158,0,447,447,447
Sun Dec 12 15:15:49 2021,1639340149,0,447,447,442
Sun Dec 12 15:16:03 2021,1639340163,0,447,447,446
Sun Dec 12 15:15:49 2021,1639340149,0,448,448,447
Sun Dec 12 15:15:49 2021,1639340149,0,448,448,448
Sun Dec 12 15:15:52 2021,1639340152,0,448,448,448
Sun Dec 12 15:15:50 2021,1639340150,0,448,448,440
Sun Dec 12 15:16:04 2021,1639340164,0,449,449,415
Sun Dec 12 15:15:49 2021,1639340149,0,450,450,449
Sun Dec 12 15:15:56 2021,1639340156,0,451,451,439
Sun Dec 12 15:16:04 2021,1639340164,0,452,452,438
Sun Dec 12 15:15:58 2021,1639340158,0,453,453,453
Sun Dec 12 15:15:49 2021,1639340149,0,453,453,453
Sun Dec 12 15:16:05 2021,1639340165,0,454,454,454
Sun Dec 12 15:16:02 2021,1639340162,0,455,455,454
Sun Dec 12 15:16:00 2021,1639340160,0,456,456,454
Sun Dec 12 15:15:58 2021,1639340158,0,456,456,456
Sun Dec 12 15:15:57 2021,1639340157,0,457,457,454
Sun Dec 12 15:16:03 2021,1639340163,0,457,457,457
Sun Dec 12 15:15:58 2021,1639340158,0,457,458,455
Sun Dec 12 15:16:01 2021,1639340161,0,458,458,458
Sun Dec 12 15:15:48 2021,1639340148,1,458,459,458
Sun Dec 12 15:16:02 2021,1639340162,0,459,459,459
Sun Dec 12 15:16:05 2021,1639340165,0,461,461,461
Sun Dec 12 15:15:59 2021,1639340159,0,461,461,459
Sun Dec 12 15:15:55 2021,1639340155,0,462,462,461
Sun Dec 12 15:15:48 2021,1639340148,0,461,462,461
Sun Dec 12 15:16:01 2021,1639340161,0,463,463,444
Sun Dec 12 15:15:59 2021,1639340159,0,464,464,463
Sun Dec 12 15:15:48 2021,1639340148,1,465,466,464
Sun Dec 12 15:15:51 2021,1639340151,0,466,466,458
Sun Dec 12 15:15:48 2021,1639340148,1,468,469,467
Sun Dec 12 15:15:51 2021,1639340151,0,470,470,469
Sun Dec 12 15:15:51 2021,1639340151,0,471,471,463
Sun Dec 12 15:16:00 2021,1639340160,0,472,472,469
Sun Dec 12 15:15:50 2021,1639340150,0,475,475,457
Sun Dec 12 15:15:59 2021,1639340159,0,475,475,475
Sun Dec 12 15:15:55 2021,1639340155,0,477,477,461
Sun Dec 12 15:15:59 2021,1639340159,0,477,477,468
Sun Dec 12 15:15:54 2021,1639340154,0,478,478,477
Sun Dec 12 15:16:02 2021,1639340162,0,479,479,478
Sun Dec 12 15:16:00 2021,1639340160,0,480,480,469
Sun Dec 12 15:15:48 2021,1639340148,1,479,480,479
Sun Dec 12 15:15:53 2021,1639340153,0,480,480,479
Sun Dec 12 15:16:03 2021,1639340163,0,485,485,484
Sun Dec 12 15:15:57 2021,1639340157,0,485,486,485
Sun Dec 12 15:15:52 2021,1639340152,0,487,487,487
Sun Dec 12 15:16:02 2021,1639340162,0,487,487,486
Sun Dec 12 15:16:03 2021,1639340163,0,489,489,472
Sun Dec 12 15:16:04 2021,1639340164,0,490,490,490
Sun Dec 12 15:16:00 2021,1639340160,0,490,490,487
Sun Dec 12 15:16:00 2021,1639340160,0,490,490,479
Sun Dec 12 15:16:04 2021,1639340164,0,493,493,491
Sun Dec 12 15:15:50 2021,1639340150,0,495,495,493
Sun Dec 12 15:16:02 2021,1639340162,0,496,496,486
Sun Dec 12 15:15:49 2021,1639340149,0,496,496,495
Sun Dec 12 15:15:49 2021,1639340149,0,496,496,496
Sun Dec 12 15:15:55 2021,1639340155,0,499,499,498
Sun Dec 12 15:16:04 2021,1639340164,0,499,499,496
Sun Dec 12 15:15:54 2021,1639340154,0,503,503,495
Sun Dec 12 15:16:03 2021,1639340163,0,503,503,503
Sun Dec 12 15:15:58 2021,1639340158,0,504,504,503
Sun Dec 12 15:15:49 2021,1639340149,0,506,506,501
Sun Dec 12 15:16:04 2021,1639340164,0,506,506,495
Sun Dec 12 15:15:58 2021,1639340158,0,507,507,506
Sun Dec 12 15:15:54 2021,1639340154,0,507,507,507
Sun Dec 12 15:16:03 2021,1639340163,0,507,507,483
Sun Dec 12 15:16:04 2021,1639340164,0,508,508,508
Sun Dec 12 15:15:55 2021,1639340155,0,510,510,508
Sun Dec 12 15:15:59 2021,1639340159,0,510,510,501
Sun Dec 12 15:16:04 2021,1639340164,0,510,510,509
Sun Dec 12 15:15:56 2021,1639340156,0,510,510,509
Sun Dec 12 15:16:03 2021,1639340163,0,511,511,510
Sun Dec 12 15:16:03 2021,1639340163,0,511,511,500
Sun Dec 12 15:15:58 2021,1639340158,0,512,512,511
Sun Dec 12 15:15:56 2021,1639340156,0,512,512,511
Sun Dec 12 15:15:50 2021,1639340150,0,512,512,509
Sun Dec 12 15:15:58 2021,1639340158,0,512,512,491
Sun Dec 12 15:16:01 2021,1639340161,0,513,513,506
Sun Dec 12 15:16:00 2021,1639340160,0,513,513,490
Sun Dec 12 15:15:58 2021,1639340158,0,515,515,515
Sun Dec 12 15:16:01 2021,1639340161,0,516,516,514
Sun Dec 12 15:16:02 2021,1639340162,0,517,517,516
Sun Dec 12 15:15:58 2021,1639340158,0,518,518,504
Sun Dec 12 15:16:04 2021,1639340164,0,520,521,518
Sun Dec 12 15:16:04 2021,1639340164,0,521,521,506
Sun Dec 12 15:15:57 2021,1639340157,0,521,521,519
Sun Dec 12 15:15:53 2021,1639340153,0,521,521,521
Sun Dec 12 15:16:01 2021,1639340161,0,522,522,522
Sun Dec 12 15:15:52 2021,1639340152,0,523,523,523
Sun Dec 12 15:16:03 2021,1639340163,0,524,524,523
Sun Dec 12 15:16:03 2021,1639340163,0,526,526,524
Sun Dec 12 15:15:55 2021,1639340155,0,526,527,519
Sun Dec 12 15:15:54 2021,1639340154,0,528,528,528
Sun Dec 12 15:15:58 2021,1639340158,0,529,529,528
Sun Dec 12 15:15:57 2021,1639340157,0,529,529,526
Sun Dec 12 15:15:52 2021,1639340152,0,529,529,505
Sun Dec 12 15:16:04 2021,1639340164,0,531,531,529
Sun Dec 12 15:16:02 2021,1639340162,0,532,532,531
Sun Dec 12 15:15:51 2021,1639340151,0,532,532,531
Sun Dec 12 15:16:02 2021,1639340162,0,532,532,531
Sun Dec 12 15:15:49 2021,1639340149,0,533,533,532
Sun Dec 12 15:16:03 2021,1639340163,0,533,533,533
Sun Dec 12 15:15:51 2021,1639340151,0,534,534,529
Sun Dec 12 15:16:04 2021,1639340164,0,534,534,524
Sun Dec 12 15:15:50 2021,1639340150,0,536,536,535
Sun Dec 12 15:15:59 2021,1639340159,0,536,536,536
Sun Dec 12 15:15:59 2021,1639340159,0,536,536,536
Sun Dec 12 15:15:56 2021,1639340156,0,537,537,536
Sun Dec 12 15:16:04 2021,1639340164,0,537,537,531
Sun Dec 12 15:16:00 2021,1639340160,0,537,537,532
Sun Dec 12 15:16:00 2021,1639340160,0,538,538,537
Sun Dec 12 15:15:54 2021,1639340154,0,542,542,538
Sun Dec 12 15:15:52 2021,1639340152,0,542,542,531
Sun Dec 12 15:15:54 2021,1639340154,0,542,543,542
Sun Dec 12 15:16:02 2021,1639340162,0,543,543,543
Sun Dec 12 15:15:58 2021,1639340158,0,543,543,537
Sun Dec 12 15:15:52 2021,1639340152,0,543,543,543
Sun Dec 12 15:15:52 2021,1639340152,0,544,544,539
Sun Dec 12 15:15:57 2021,1639340157,0,544,544,543
Sun Dec 12 15:15:50 2021,1639340150,0,544,544,543
Sun Dec 12 15:16:04 2021,1639340164,0,544,544,513
Sun Dec 12 15:15:58 2021,1639340158,0,544,544,537
Sun Dec 12 15:15:53 2021,1639340153,0,544,544,542
Sun Dec 12 15:15:59 2021,1639340159,0,545,545,541
Sun Dec 12 15:16:03 2021,1639340163,0,545,545,545
Sun Dec 12 15:16:01 2021,1639340161,0,546,546,521
Sun Dec 12 15:16:02 2021,1639340162,0,548,548,548
Sun Dec 12 15:15:52 2021,1639340152,0,549,549,537
Sun Dec 12 15:15:50 2021,1639340150,0,549,549,539
Sun Dec 12 15:15:55 2021,1639340155,0,549,549,547
Sun Dec 12 15:15:58 2021,1639340158,0,549,549,547
Sun Dec 12 15:15:55 2021,1639340155,0,549,549,549
Sun Dec 12 15:16:01 2021,1639340161,0,550,550,549
Sun Dec 12 15:15:52 2021,1639340152,0,550,550,550
Sun Dec 12 15:15:52 2021,1639340152,0,553,553,552
Sun Dec 12 15:16:03 2021,1639340163,0,553,553,534
Sun Dec 12 15:15:59 2021,1639340159,0,553,554,553
Sun Dec 12 15:15:52 2021,1639340152,0,554,554,552
Sun Dec 12 15:15:52 2021,1639340152,0,554,554,541
Sun Dec 12 15:15:58 2021,1639340158,0,554,554,550
Sun Dec 12 15:15:56 2021,1639340156,0,556,556,555
Sun Dec 12 15:16:02 2021,1639340162,0,556,556,556
Sun Dec 12 15:15:53 2021,1639340153,0,557,557,557
Sun Dec 12 15:15:56 2021,1639340156,0,558,558,557
Sun Dec 12 15:15:55 2021,1639340155,0,559,559,547
Sun Dec 12 15:15:55 2021,1639340155,0,561,561,560
Sun Dec 12 15:15:58 2021,1639340158,0,561,561,561
Sun Dec 12 15:15:58 2021,1639340158,0,561,561,560
Sun Dec 12 15:15:53 2021,1639340153,0,563,563,546
Sun Dec 12 15:16:02 2021,1639340162,0,563,563,562
Sun Dec 12 15:15:56 2021,1639340156,0,564,564,563
Sun Dec 12 15:16:02 2021,1639340162,0,564,564,564
Sun Dec 12 15:16:00 2021,1639340160,0,566,566,565
Sun Dec 12 15:15:58 2021,1639340158,0,566,566,563
Sun Dec 12 15:15:53 2021,1639340153,0,566,566,564
Sun Dec 12 15:15:56 2021,1639340156,0,567,567,566
Sun Dec 12 15:15:57 2021,1639340157,0,567,567,567
Sun Dec 12 15:15:51 2021,1639340151,0,567,567,552
Sun Dec 12 15:15:59 2021,1639340159,0,571,571,570
Sun Dec 12 15:16:04 2021,1639340164,0,572,572,571
Sun Dec 12 15:15:58 2021,1639340158,0,572,572,571
Sun Dec 12 15:15:58 2021,1639340158,0,572,572,571
Sun Dec 12 15:16:04 2021,1639340164,0,574,574,569
Sun Dec 12 15:16:02 2021,1639340162,0,576,576,575
Sun Dec 12 15:15:54 2021,1639340154,0,576,576,574
Sun Dec 12 15:15:53 2021,1639340153,0,577,577,565
Sun Dec 12 15:15:52 2021,1639340152,0,577,577,576
Sun Dec 12 15:15:57 2021,1639340157,0,580,580,569
Sun Dec 12 15:15:52 2021,1639340152,0,580,580,579
Sun Dec 12 15:15:57 2021,1639340157,0,583,583,581
Sun Dec 12 15:16:02 2021,1639340162,0,583,583,568
Sun Dec 12 15:15:52 2021,1639340152,0,584,584,580
Sun Dec 12 15:15:51 2021,1639340151,0,585,585,584
Sun Dec 12 15:16:04 2021,1639340164,0,585,585,583
Sun Dec 12 15:15:59 2021,1639340159,0,586,586,585
Sun Dec 12 15:15:52 2021,1639340152,0,586,586,580
Sun Dec 12 15:16:03 2021,1639340163,0,587,587,583
Sun Dec 12 15:15:54 2021,1639340154,0,587,587,586
Sun Dec 12 15:15:57 2021,1639340157,0,587,587,586
Sun Dec 12 15:15:54 2021,1639340154,0,588,589,588
Sun Dec 12 15:16:02 2021,1639340162,0,590,590,581
Sun Dec 12 15:15:58 2021,1639340158,0,590,590,589
Sun Dec 12 15:15:58 2021,1639340158,0,591,591,590
Sun Dec 12 15:16:03 2021,1639340163,0,591,591,590
Sun Dec 12 15:16:03 2021,1639340163,0,591,591,581
Sun Dec 12 15:15:59 2021,1639340159,0,591,591,589
Sun Dec 12 15:15:56 2021,1639340156,0,592,592,591
Sun Dec 12 15:15:51 2021,1639340151,0,592,592,592
Sun Dec 12 15:15:57 2021,1639340157,0,594,594,593
Sun Dec 12 15:16:02 2021,1639340162,0,594,594,594
Sun Dec 12 15:16:02 2021,1639340162,0,595,595,581
Sun Dec 12 15:15:49 2021,1639340149,0,596,596,588
Sun Dec 12 15:15:59 2021,1639340159,0,597,597,584
Sun Dec 12 15:15:49 2021,1639340149,0,597,597,581
Sun Dec 12 15:15:59 2021,1639340159,0,600,600,599
Sun Dec 12 15:16:03 2021,1639340163,0,600,600,600
Sun Dec 12 15:16:00 2021,1639340160,0,601,601,574
Sun Dec 12 15:15:48 2021,1639340148,1,602,603,598
Sun Dec 12 15:16:03 2021,1639340163,0,603,603,574
Sun Dec 12 15:15:52 2021,1639340152,0,603,603,599
Sun Dec 12 15:15:55 2021,1639340155,0,604,604,603
Sun Dec 12 15:15:52 2021,1639340152,0,605,605,605
Sun Dec 12 15:15:51 2021,1639340151,0,606,606,605
Sun Dec 12 15:16:00 2021,1639340160,0,606,606,605
Sun Dec 12 15:15:51 2021,1639340151,0,606,606,605
Sun Dec 12 15:15:51 2021,1639340151,0,606,606,577
Sun Dec 12 15:16:04 2021,1639340164,0,606,606,586
Sun Dec 12 15:15:58 2021,1639340158,0,607,607,596
Sun Dec 12 15:16:04 2021,1639340164,0,607,607,591
Sun Dec 12 15:15:57 2021,1639340157,0,607,607,606
Sun Dec 12 15:15:55 2021,1639340155,0,607,607,607
Sun Dec 12 15:15:56 2021,1639340156,0,607,607,603
Sun Dec 12 15:16:03 2021,1639340163,0,608,608,607
Sun Dec 12 15:16:04 2021,1639340164,0,609,609,564
Sun Dec 12 15:15:49 2021,1639340149,0,609,609,609
Sun Dec 12 15:15:54 2021,1639340154,0,609,610,609
Sun Dec 12 15:15:54 2021,1639340154,0,610,610,603
Sun Dec 12 15:15:55 2021,1639340155,0,610,610,593
Sun Dec 12 15:15:55 2021,1639340155,0,610,610,610
Sun Dec 12 15:15:55 2021,1639340155,0,610,610,610
Sun Dec 12 15:16:00 2021,1639340160,0,611,611,610
Sun Dec 12 15:15:54 2021,1639340154,0,612,612,603
Sun Dec 12 15:15:58 2021,1639340158,0,612,612,604
Sun Dec 12 15:16:01 2021,1639340161,0,613,613,612
Sun Dec 12 15:16:04 2021,1639340164,0,613,613,610
Sun Dec 12 15:15:58 2021,1639340158,0,614,614,614
Sun Dec 12 15:16:02 2021,1639340162,0,616,616,614
Sun Dec 12 15:16:04 2021,1639340164,0,616,616,615
Sun Dec 12 15:16:00 2021,1639340160,0,617,617,609
Sun Dec 12 15:15:58 2021,1639340158,0,617,617,616
Sun Dec 12 15:15:52 2021,1639340152,0,617,617,617
Sun Dec 12 15:16:03 2021,1639340163,0,618,618,617
Sun Dec 12 15:15:56 2021,1639340156,0,619,619,618
Sun Dec 12 15:15:51 2021,1639340151,0,621,621,618
Sun Dec 12 15:16:03 2021,1639340163,0,621,621,620
Sun Dec 12 15:15:50 2021,1639340150,0,622,622,607
Sun Dec 12 15:15:55 2021,1639340155,0,625,625,624
Sun Dec 12 15:15:50 2021,1639340150,0,629,629,601
Sun Dec 12 15:15:56 2021,1639340156,0,630,630,628
Sun Dec 12 15:15:55 2021,1639340155,0,630,630,629
Sun Dec 12 15:15:59 2021,1639340159,0,630,630,620
Sun Dec 12 15:15:52 2021,1639340152,0,631,631,630
Sun Dec 12 15:15:52 2021,1639340152,0,633,633,632
Sun Dec 12 15:15:53 2021,1639340153,0,633,633,630
Sun Dec 12 15:15:58 2021,1639340158,0,634,634,628
Sun Dec 12 15:15:50 2021,1639340150,0,634,634,630
Sun Dec 12 15:15:50 2021,1639340150,0,636,636,635
Sun Dec 12 15:16:03 2021,1639340163,0,636,636,635
Sun Dec 12 15:16:04 2021,1639340164,0,636,636,636
Sun Dec 12 15:15:50 2021,1639340150,0,639,639,638
Sun Dec 12 15:15:58 2021,1639340158,0,639,640,639
Sun Dec 12 15:15:49 2021,1639340149,0,640,640,635
Sun Dec 12 15:16:04 2021,1639340164,0,640,640,636
Sun Dec 12 15:15:50 2021,1639340150,0,640,640,640
Sun Dec 12 15:16:00 2021,1639340160,0,641,641,641
Sun Dec 12 15:15:57 2021,1639340157,0,642,642,642
Sun Dec 12 15:16:00 2021,1639340160,0,642,642,640
Sun Dec 12 15:16:02 2021,1639340162,0,643,643,637
Sun Dec 12 15:15:56 2021,1639340156,0,644,644,643
Sun Dec 12 15:15:48 2021,1639340148,1,643,644,630
Sun Dec 12 15:16:01 2021,1639340161,0,645,645,645
Sun Dec 12 15:16:04 2021,1639340164,0,646,646,644
Sun Dec 12 15:15:57 2021,1639340157,0,646,646,645
Sun Dec 12 15:15:53 2021,1639340153,0,649,649,648
Sun Dec 12 15:15:59 2021,1639340159,0,649,650,647
Sun Dec 12 15:15:53 2021,1639340153,0,650,650,645
Sun Dec 12 15:15:56 2021,1639340156,0,650,650,650
Sun Dec 12 15:16:04 2021,1639340164,0,653,653,652
Sun Dec 12 15:15:58 2021,1639340158,0,654,654,653
Sun Dec 12 15:15:56 2021,1639340156,0,654,654,643
Sun Dec 12 15:15:52 2021,1639340152,0,655,655,655
Sun Dec 12 15:15:56 2021,1639340156,0,655,655,654
Sun Dec 12 15:15:56 2021,1639340156,0,655,655,654
Sun Dec 12 15:16:04 2021,1639340164,0,656,656,649
Sun Dec 12 15:16:02 2021,1639340162,0,657,657,642
Sun Dec 12 15:15:53 2021,1639340153,0,659,659,623
Sun Dec 12 15:16:03 2021,1639340163,0,659,659,654
Sun Dec 12 15:15:57 2021,1639340157,0,659,659,659
Sun Dec 12 15:16:00 2021,1639340160,0,659,659,659
Sun Dec 12 15:16:04 2021,1639340164,0,659,659,659
Sun Dec 12 15:15:52 2021,1639340152,0,661,661,660
Sun Dec 12 15:16:03 2021,1639340163,0,661,661,661
Sun Dec 12 15:16:03 2021,1639340163,0,661,661,661
Sun Dec 12 15:15:56 2021,1639340156,0,662,662,647
Sun Dec 12 15:15:54 2021,1639340154,0,663,663,660
Sun Dec 12 15:15:55 2021,1639340155,0,663,663,662
Sun Dec 12 15:15:55 2021,1639340155,0,663,663,662
Sun Dec 12 15:15:58 2021,1639340158,0,664,664,663
Sun Dec 12 15:15:56 2021,1639340156,0,665,665,664
Sun Dec 12 15:16:01 2021,1639340161,0,665,665,655
Sun Dec 12 15:15:57 2021,1639340157,0,665,665,665
Sun Dec 12 15:16:01 2021,1639340161,0,665,665,665
Sun Dec 12 15:15:50 2021,1639340150,0,666,666,654
Sun Dec 12 15:16:02 2021,1639340162,0,666,666,665
Sun Dec 12 15:15:50 2021,1639340150,0,668,668,667
Sun Dec 12 15:15:53 2021,1639340153,0,668,668,627
Sun Dec 12 15:16:02 2021,1639340162,0,668,668,668
Sun Dec 12 15:15:55 2021,1639340155,0,668,669,660
Sun Dec 12 15:16:03 2021,1639340163,0,670,670,662
Sun Dec 12 15:16:03 2021,1639340163,0,670,670,670
Sun Dec 12 15:15:52 2021,1639340152,0,671,671,645
Sun Dec 12 15:15:50 2021,1639340150,0,671,671,657
Sun Dec 12 15:15:51 2021,1639340151,0,672,672,664
Sun Dec 12 15:16:03 2021,1639340163,0,672,672,671
Sun Dec 12 15:15:52 2021,1639340152,0,673,673,664
Sun Dec 12 15:15:52 2021,1639340152,0,675,675,674
Sun Dec 12 15:16:00 2021,1639340160,0,678,678,658
Sun Dec 12 15:15:59 2021,1639340159,0,680,680,678
Sun Dec 12 15:15:57 2021,1639340157,0,680,681,677
Sun Dec 12 15:15:56 2021,1639340156,0,681,681,681
Sun Dec 12 15:15:58 2021,1639340158,0,681,682,656
Sun Dec 12 15:15:52 2021,1639340152,0,682,682,681
Sun Dec 12 15:15:58 2021,1639340158,0,682,682,681
Sun Dec 12 15:15:55 2021,1639340155,0,684,684,684
Sun Dec 12 15:15:57 2021,1639340157,0,684,684,684
Sun Dec 12 15:16:01 2021,1639340161,0,685,685,684
Sun Dec 12 15:15:56 2021,1639340156,0,685,686,683
Sun Dec 12 15:15:57 2021,1639340157,0,686,686,685
Sun Dec 12 15:15:52 2021,1639340152,0,686,686,664
Sun Dec 12 15:16:04 2021,1639340164,0,686,686,658
Sun Dec 12 15:15:51 2021,1639340151,0,687,687,679
Sun Dec 12 15:16:01 2021,1639340161,0,687,687,686
Sun Dec 12 15:16:01 2021,1639340161,0,687,687,686
Sun Dec 12 15:15:54 2021,1639340154,0,688,688,671
Sun Dec 12 15:15:49 2021,1639340149,0,688,688,688
Sun Dec 12 15:15:49 2021,1639340149,0,689,689,687
Sun Dec 12 15:15:56 2021,1639340156,0,690,690,681
Sun Dec 12 15:15:57 2021,1639340157,0,690,690,682
Sun Dec 12 15:15:58 2021,1639340158,0,690,691,672
Sun Dec 12 15:15:54 2021,1639340154,0,692,692,686
Sun Dec 12 15:16:00 2021,1639340160,0,692,692,646
Sun Dec 12 15:15:52 2021,1639340152,0,692,692,680
Sun Dec 12 15:15:50 2021,1639340150,0,694,694,663
Sun Dec 12 15:15:56 2021,1639340156,0,696,696,696
Sun Dec 12 15:15:53 2021,1639340153,0,697,697,696
Sun Dec 12 15:15:55 2021,1639340155,0,697,697,696
Sun Dec 12 15:15:51 2021,1639340151,0,697,697,687
Sun Dec 12 15:16:00 2021,1639340160,0,697,697,694
Sun Dec 12 15:15:54 2021,1639340154,0,698,698,689
Sun Dec 12 15:15:59 2021,1639340159,0,698,699,697
Sun Dec 12 15:15:49 2021,1639340149,0,700,700,693
Sun Dec 12 15:15:50 2021,1639340150,0,700,700,697
Sun Dec 12 15:15:49 2021,1639340149,0,702,702,697
Sun Dec 12 15:15:57 2021,1639340157,0,702,702,700
Sun Dec 12 15:16:01 2021,1639340161,0,703,703,702
Sun Dec 12 15:15:50 2021,1639340150,0,703,703,701
Sun Dec 12 15:15:54 2021,1639340154,0,704,704,697
Sun Dec 12 15:15:59 2021,1639340159,0,706,706,706
Sun Dec 12 15:15:56 2021,1639340156,0,708,708,683
Sun Dec 12 15:15:54 2021,1639340154,0,708,708,685
Sun Dec 12 15:15:50 2021,1639340150,0,708,708,708
Sun Dec 12 15:16:01 2021,1639340161,0,708,708,708
Sun Dec 12 15:16:01 2021,1639340161,0,709,710,709
Sun Dec 12 15:16:01 2021,1639340161,0,711,711,710
Sun Dec 12 15:15:59 2021,1639340159,0,711,711,711
Sun Dec 12 15:15:51 2021,1639340151,0,712,712,712
Sun Dec 12 15:15:57 2021,1639340157,0,713,713,707
Sun Dec 12 15:16:01 2021,1639340161,0,713,713,712
Sun Dec 12 15:16:02 2021,1639340162,0,713,713,711
Sun Dec 12 15:15:57 2021,1639340157,0,714,714,713
Sun Dec 12 15:15:55 2021,1639340155,0,715,715,714
Sun Dec 12 15:15:59 2021,1639340159,0,719,719,702
Sun Dec 12 15:15:51 2021,1639340151,0,719,719,714
Sun Dec 12 15:15:51 2021,1639340151,0,720,720,700
Sun Dec 12 15:15:54 2021,1639340154,0,720,720,707
Sun Dec 12 15:16:00 2021,1639340160,0,720,720,720
Sun Dec 12 15:15:55 2021,1639340155,0,721,721,720
Sun Dec 12 15:15:59 2021,1639340159,0,721,721,718
Sun Dec 12 15:15:54 2021,1639340154,0,721,721,719
Sun Dec 12 15:15:55 2021,1639340155,0,723,723,721
Sun Dec 12 15:16:04 2021,1639340164,0,723,723,678
Sun Dec 12 15:15:55 2021,1639340155,0,724,724,724
Sun Dec 12 15:15:50 2021,1639340150,0,726,726,725
Sun Dec 12 15:15:54 2021,1639340154,0,726,726,723
Sun Dec 12 15:16:03 2021,1639340163,0,726,726,721
Sun Dec 12 15:15:57 2021,1639340157,0,727,727,718
Sun Dec 12 15:15:55 2021,1639340155,0,727,727,726
Sun Dec 12 15:16:04 2021,1639340164,0,728,728,727
Sun Dec 12 15:15:56 2021,1639340156,0,728,728,728
Sun Dec 12 15:15:56 2021,1639340156,0,730,730,726
Sun Dec 12 15:15:54 2021,1639340154,0,730,730,726
Sun Dec 12 15:15:54 2021,1639340154,0,731,731,713
Sun Dec 12 15:15:50 2021,1639340150,0,731,731,730
Sun Dec 12 15:15:57 2021,1639340157,0,731,731,727
Sun Dec 12 15:16:01 2021,1639340161,0,734,734,733
Sun Dec 12 15:16:01 2021,1639340161,0,735,736,730
Sun Dec 12 15:16:01 2021,1639340161,0,736,736,735
Sun Dec 12 15:15:54 2021,1639340154,0,737,737,724
Sun Dec 12 15:15:51 2021,1639340151,0,739,739,734
Sun Dec 12 15:15:57 2021,1639340157,0,740,740,738
Sun Dec 12 15:16:03 2021,1639340163,0,740,740,727
Sun Dec 12 15:15:55 2021,1639340155,0,740,741,740
Sun Dec 12 15:15:53 2021,1639340153,0,741,741,740
Sun Dec 12 15:15:51 2021,1639340151,0,741,741,738
Sun Dec 12 15:15:50 2021,1639340150,0,741,741,741
Sun Dec 12 15:15:53 2021,1639340153,0,743,743,743
Sun Dec 12 15:15:59 2021,1639340159,0,744,744,739
Sun Dec 12 15:15:50 2021,1639340150,0,745,745,715
Sun Dec 12 15:15:51 2021,1639340151,0,745,745,744
Sun Dec 12 15:15:53 2021,1639340153,0,745,745,740
Sun Dec 12 15:15:52 2021,1639340152,0,746,746,740
Sun Dec 12 15:15:58 2021,1639340158,0,748,748,747
Sun Dec 12 15:15:51 2021,1639340151,0,748,748,735
Sun Dec 12 15:15:54 2021,1639340154,0,749,749,748
Sun Dec 12 15:15:55 2021,1639340155,0,751,751,750
Sun Dec 12 15:15:59 2021,1639340159,0,751,751,721
Sun Dec 12 15:15:55 2021,1639340155,0,751,751,731
Sun Dec 12 15:15:50 2021,1639340150,0,753,753,734
Sun Dec 12 15:15:52 2021,1639340152,0,753,753,752
Sun Dec 12 15:15:50 2021,1639340150,0,754,754,753
Sun Dec 12 15:15:57 2021,1639340157,0,754,754,752
Sun Dec 12 15:15:51 2021,1639340151,0,754,755,754
Sun Dec 12 15:15:59 2021,1639340159,0,755,755,754
Sun Dec 12 15:15:53 2021,1639340153,0,755,755,753
Sun Dec 12 15:15:54 2021,1639340154,0,757,757,756
Sun Dec 12 15:15:51 2021,1639340151,0,757,757,757
Sun Dec 12 15:15:56 2021,1639340156,0,759,759,748
Sun Dec 12 15:15:53 2021,1639340153,0,760,760,756
Sun Dec 12 15:15:59 2021,1639340159,0,760,760,760
Sun Dec 12 15:16:01 2021,1639340161,0,761,761,747
Sun Dec 12 15:15:57 2021,1639340157,0,762,762,755
Sun Dec 12 15:16:02 2021,1639340162,0,762,762,756
Sun Dec 12 15:16:00 2021,1639340160,0,763,763,756
Sun Dec 12 15:15:50 2021,1639340150,0,763,763,762
Sun Dec 12 15:16:02 2021,1639340162,0,764,764,757
Sun Dec 12 15:15:50 2021,1639340150,0,764,764,744
Sun Dec 12 15:15:51 2021,1639340151,0,764,764,764
Sun Dec 12 15:15:52 2021,1639340152,0,766,766,766
Sun Dec 12 15:16:00 2021,1639340160,0,767,767,761
Sun Dec 12 15:15:54 2021,1639340154,0,767,767,758
Sun Dec 12 15:15:59 2021,1639340159,0,768,768,767
Sun Dec 12 15:15:54 2021,1639340154,0,770,770,750
Sun Dec 12 15:15:56 2021,1639340156,0,770,770,770
Sun Dec 12 15:16:02 2021,1639340162,0,770,770,770
Sun Dec 12 15:15:54 2021,1639340154,0,771,771,768
Sun Dec 12 15:15:53 2021,1639340153,0,772,772,770
Sun Dec 12 15:15:54 2021,1639340154,0,773,773,772
Sun Dec 12 15:16:01 2021,1639340161,0,773,773,771
Sun Dec 12 15:15:56 2021,1639340156,0,775,775,768
Sun Dec 12 15:16:03 2021,1639340163,0,776,776,766
Sun Dec 12 15:15:51 2021,1639340151,0,776,776,772
Sun Dec 12 15:15:53 2021,1639340153,0,776,776,761
Sun Dec 12 15:15:56 2021,1639340156,0,778,778,770
Sun Dec 12 15:15:56 2021,1639340156,0,778,778,777
Sun Dec 12 15:16:01 2021,1639340161,0,778,778,774
Sun Dec 12 15:16:04 2021,1639340164,0,778,778,759
Sun Dec 12 15:15:54 2021,1639340154,0,779,779,779
Sun Dec 12 15:15:55 2021,1639340155,0,780,780,775
Sun Dec 12 15:16:02 2021,1639340162,0,780,780,779
Sun Dec 12 15:15:57 2021,1639340157,0,781,781,781
Sun Dec 12 15:15:55 2021,1639340155,0,784,784,771
Sun Dec 12 15:15:56 2021,1639340156,0,785,785,783
Sun Dec 12 15:15:55 2021,1639340155,0,786,786,758
Sun Dec 12 15:16:01 2021,1639340161,0,786,786,771
Sun Dec 12 15:15:54 2021,1639340154,0,788,788,781
Sun Dec 12 15:15:53 2021,1639340153,0,789,789,788
Sun Dec 12 15:15:56 2021,1639340156,0,789,789,789
Sun Dec 12 15:16:04 2021,1639340164,0,789,789,771
Sun Dec 12 15:15:55 2021,1639340155,0,790,790,790
Sun Dec 12 15:15:53 2021,1639340153,0,791,791,791
Sun Dec 12 15:15:59 2021,1639340159,0,791,791,786
Sun Dec 12 15:16:01 2021,1639340161,0,792,792,783
Sun Dec 12 15:15:59 2021,1639340159,0,794,794,786
Sun Dec 12 15:16:02 2021,1639340162,0,794,794,793
Sun Dec 12 15:15:59 2021,1639340159,0,795,795,794
Sun Dec 12 15:15:56 2021,1639340156,0,796,796,793
Sun Dec 12 15:16:00 2021,1639340160,0,796,796,790
Sun Dec 12 15:15:50 2021,1639340150,0,796,796,773
Sun Dec 12 15:16:02 2021,1639340162,0,798,798,797
Sun Dec 12 15:15:57 2021,1639340157,0,799,800,799
Sun Dec 12 15:15:59 2021,1639340159,0,801,801,797
Sun Dec 12 15:15:50 2021,1639340150,0,802,802,802
Sun Dec 12 15:16:04 2021,1639340164,0,802,802,802
Sun Dec 12 15:15:51 2021,1639340151,0,803,803,802
Sun Dec 12 15:16:02 2021,1639340162,0,805,805,753
Sun Dec 12 15:15:55 2021,1639340155,0,806,806,784
Sun Dec 12 15:15:57 2021,1639340157,0,806,806,804
Sun Dec 12 15:16:04 2021,1639340164,0,806,806,771
Sun Dec 12 15:15:56 2021,1639340156,0,806,806,806
Sun Dec 12 15:15:54 2021,1639340154,0,806,806,766
Sun Dec 12 15:15:51 2021,1639340151,0,807,807,787
Sun Dec 12 15:15:50 2021,1639340150,0,808,808,807
Sun Dec 12 15:16:02 2021,1639340162,0,808,809,799
Sun Dec 12 15:15:54 2021,1639340154,0,809,809,808
Sun Dec 12 15:15:54 2021,1639340154,0,810,810,809
Sun Dec 12 15:16:03 2021,1639340163,0,810,810,807
Sun Dec 12 15:15:54 2021,1639340154,0,810,810,809
Sun Dec 12 15:15:55 2021,1639340155,0,813,813,796
Sun Dec 12 15:15:50 2021,1639340150,0,814,814,808
Sun Dec 12 15:16:00 2021,1639340160,0,815,815,813
Sun Dec 12 15:15:52 2021,1639340152,0,815,815,811
Sun Dec 12 15:15:54 2021,1639340154,0,815,815,814
Sun Dec 12 15:16:04 2021,1639340164,0,816,816,795
Sun Dec 12 15:15:50 2021,1639340150,0,817,817,809
Sun Dec 12 15:16:02 2021,1639340162,0,818,818,818
Sun Dec 12 15:16:04 2021,1639340164,0,818,818,799
Sun Dec 12 15:15:55 2021,1639340155,0,823,823,823
Sun Dec 12 15:16:00 2021,1639340160,0,824,824,805
Sun Dec 12 15:15:59 2021,1639340159,0,825,825,812
Sun Dec 12 15:16:01 2021,1639340161,0,826,826,823
Sun Dec 12 15:15:56 2021,1639340156,0,828,828,819
Sun Dec 12 15:16:02 2021,1639340162,0,828,828,817
Sun Dec 12 15:15:54 2021,1639340154,0,829,829,829
Sun Dec 12 15:15:50 2021,1639340150,0,830,830,811
Sun Dec 12 15:16:04 2021,1639340164,0,831,831,804
Sun Dec 12 15:15:54 2021,1639340154,0,832,832,818
Sun Dec 12 15:15:54 2021,1639340154,0,832,832,832
Sun Dec 12 15:16:04 2021,1639340164,0,833,833,812
Sun Dec 12 15:15:57 2021,1639340157,0,833,833,833
Sun Dec 12 15:16:01 2021,1639340161,0,834,834,811
Sun Dec 12 15:15:59 2021,1639340159,0,835,835,834
Sun Dec 12 15:15:55 2021,1639340155,0,836,836,824
Sun Dec 12 15:15:57 2021,1639340157,0,838,839,809
Sun Dec 12 15:15:51 2021,1639340151,0,840,840,808
Sun Dec 12 15:16:01 2021,1639340161,0,840,840,839
Sun Dec 12 15:15:57 2021,1639340157,0,840,840,840
Sun Dec 12 15:15:54 2021,1639340154,0,845,845,844
Sun Dec 12 15:16:01 2021,1639340161,0,846,846,835
Sun Dec 12 15:16:02 2021,1639340162,0,846,846,844
Sun Dec 12 15:15:53 2021,1639340153,0,846,846,831
Sun Dec 12 15:16:01 2021,1639340161,0,847,848,844
Sun Dec 12 15:15:50 2021,1639340150,0,849,849,842
Sun Dec 12 15:16:02 2021,1639340162,0,850,850,830
Sun Dec 12 15:16:03 2021,1639340163,0,850,851,847
Sun Dec 12 15:15:55 2021,1639340155,0,851,851,850
Sun Dec 12 15:15:52 2021,1639340152,0,854,854,853
Sun Dec 12 15:16:02 2021,1639340162,0,854,854,850
Sun Dec 12 15:15:53 2021,1639340153,0,856,856,855
Sun Dec 12 15:15:50 2021,1639340150,0,856,856,842
Sun Dec 12 15:15:56 2021,1639340156,0,859,859,852
Sun Dec 12 15:15:51 2021,1639340151,0,860,860,852
Sun Dec 12 15:16:01 2021,1639340161,0,861,861,860
Sun Dec 12 15:15:54 2021,1639340154,0,861,861,860
Sun Dec 12 15:16:01 2021,1639340161,0,862,862,851
Sun Dec 12 15:16:02 2021,1639340162,0,863,863,855
Sun Dec 12 15:16:01 2021,1639340161,0,866,866,855
Sun Dec 12 15:15:51 2021,1639340151,0,868,868,868
Sun Dec 12 15:15:55 2021,1639340155,0,869,869,867
Sun Dec 12 15:15:56 2021,1639340156,0,871,871,866
Sun Dec 12 15:15:55 2021,1639340155,0,873,873,870
Sun Dec 12 15:16:02 2021,1639340162,0,873,873,871
Sun Dec 12 15:16:01 2021,1639340161,0,875,875,874
Sun Dec 12 15:16:00 2021,1639340160,0,875,875,870
Sun Dec 12 15:16:02 2021,1639340162,0,876,876,874
Sun Dec 12 15:15:56 2021,1639340156,0,877,878,877
Sun Dec 12 15:15:51 2021,1639340151,0,881,881,880
Sun Dec 12 15:15:55 2021,1639340155,0,884,884,874
Sun Dec 12 15:15:51 2021,1639340151,0,885,885,882
Sun Dec 12 15:15:59 2021,1639340159,0,886,887,824
Sun Dec 12 15:15:50 2021,1639340150,0,887,887,869
Sun Dec 12 15:15:54 2021,1639340154,0,887,887,887
Sun Dec 12 15:15:54 2021,1639340154,0,888,888,886
Sun Dec 12 15:16:00 2021,1639340160,0,891,891,883
Sun Dec 12 15:15:50 2021,1639340150,0,891,891,878
Sun Dec 12 15:15:56 2021,1639340156,0,893,893,893
Sun Dec 12 15:15:54 2021,1639340154,0,894,894,886
Sun Dec 12 15:16:01 2021,1639340161,0,896,896,878
Sun Dec 12 15:16:00 2021,1639340160,0,901,901,901
Sun Dec 12 15:15:53 2021,1639340153,0,903,903,891
Sun Dec 12 15:15:54 2021,1639340154,0,905,905,905
Sun Dec 12 15:15:50 2021,1639340150,0,907,907,905
Sun Dec 12 15:16:03 2021,1639340163,0,907,907,906
Sun Dec 12 15:15:55 2021,1639340155,0,909,909,908
Sun Dec 12 15:15:51 2021,1639340151,0,909,909,891
Sun Dec 12 15:16:01 2021,1639340161,0,909,909,908
Sun Dec 12 15:16:04 2021,1639340164,0,909,909,889
Sun Dec 12 15:16:00 2021,1639340160,0,909,909,905
Sun Dec 12 15:16:01 2021,1639340161,0,909,910,907
Sun Dec 12 15:15:53 2021,1639340153,0,913,913,887
Sun Dec 12 15:15:57 2021,1639340157,0,914,914,846
Sun Dec 12 15:16:00 2021,1639340160,0,914,914,914
Sun Dec 12 15:16:02 2021,1639340162,0,915,915,914
Sun Dec 12 15:15:51 2021,1639340151,0,916,916,916
Sun Dec 12 15:16:00 2021,1639340160,0,917,917,902
Sun Dec 12 15:16:01 2021,1639340161,0,917,917,916
Sun Dec 12 15:15:56 2021,1639340156,0,918,918,917
Sun Dec 12 15:15:53 2021,1639340153,0,918,918,886
Sun Dec 12 15:15:53 2021,1639340153,0,919,919,896
Sun Dec 12 15:15:53 2021,1639340153,0,920,921,913
Sun Dec 12 15:16:00 2021,1639340160,0,921,921,921
Sun Dec 12 15:16:03 2021,1639340163,0,923,923,920
Sun Dec 12 15:15:56 2021,1639340156,0,926,926,925
Sun Dec 12 15:15:55 2021,1639340155,0,927,927,926
Sun Dec 12 15:15:54 2021,1639340154,0,927,927,926
Sun Dec 12 15:15:55 2021,1639340155,0,928,928,928
Sun Dec 12 15:15:57 2021,1639340157,0,929,929,928
Sun Dec 12 15:15:59 2021,1639340159,0,929,929,926
Sun Dec 12 15:15:53 2021,1639340153,0,929,929,928
Sun Dec 12 15:15:51 2021,1639340151,0,930,930,908
Sun Dec 12 15:16:00 2021,1639340160,0,930,930,927
Sun Dec 12 15:16:02 2021,1639340162,0,933,933,933
Sun Dec 12 15:15:50 2021,1639340150,0,933,933,932
Sun Dec 12 15:16:00 2021,1639340160,0,934,934,927
Sun Dec 12 15:15:55 2021,1639340155,0,940,940,938
Sun Dec 12 15:16:04 2021,1639340164,0,942,942,907
Sun Dec 12 15:15:51 2021,1639340151,0,942,942,940
Sun Dec 12 15:15:56 2021,1639340156,0,946,946,945
Sun Dec 12 15:16:00 2021,1639340160,0,955,955,954
Sun Dec 12 15:15:50 2021,1639340150,0,957,958,947
Sun Dec 12 15:16:01 2021,1639340161,0,958,958,955
Sun Dec 12 15:15:56 2021,1639340156,0,959,959,957
Sun Dec 12 15:16:01 2021,1639340161,0,962,962,959
Sun Dec 12 15:16:01 2021,1639340161,0,964,964,963
Sun Dec 12 15:16:04 2021,1639340164,0,965,965,901
Sun Dec 12 15:16:00 2021,1639340160,0,965,965,965
Sun Dec 12 15:15:59 2021,1639340159,0,966,966,965
Sun Dec 12 15:15:54 2021,1639340154,0,966,966,966
Sun Dec 12 15:15:51 2021,1639340151,0,969,969,954
Sun Dec 12 15:16:00 2021,1639340160,0,970,970,968
Sun Dec 12 15:15:55 2021,1639340155,0,970,970,969
Sun Dec 12 15:15:51 2021,1639340151,0,974,974,965
Sun Dec 12 15:15:56 2021,1639340156,0,976,976,973
Sun Dec 12 15:16:00 2021,1639340160,0,977,977,966
Sun Dec 12 15:15:54 2021,1639340154,0,978,978,978
Sun Dec 12 15:15:51 2021,1639340151,0,979,979,946
Sun Dec 12 15:15:54 2021,1639340154,0,980,980,979
Sun Dec 12 15:15:53 2021,1639340153,0,981,981,977
Sun Dec 12 15:15:59 2021,1639340159,0,984,984,961
Sun Dec 12 15:16:00 2021,1639340160,0,986,986,971
Sun Dec 12 15:15:56 2021,1639340156,0,993,993,991
Sun Dec 12 15:15:59 2021,1639340159,0,995,995,995
Sun Dec 12 15:16:00 2021,1639340160,0,999,999,991
Sun Dec 12 15:15:55 2021,1639340155,0,1010,1010,1009
Sun Dec 12 15:15:50 2021,1639340150,0,1014,1014,1005
Sun Dec 12 15:15:55 2021,1639340155,0,1018,1018,974
Sun Dec 12 15:15:54 2021,1639340154,0,1021,1021,1021
Sun Dec 12 15:15:59 2021,1639340159,0,1022,1022,1016
Sun Dec 12 15:15:51 2021,1639340151,0,1025,1025,1024
Sun Dec 12 15:16:01 2021,1639340161,0,1034,1034,1034
Sun Dec 12 15:16:00 2021,1639340160,0,1039,1039,1012
Sun Dec 12 15:15:54 2021,1639340154,0,1046,1046,1029
Sun Dec 12 15:15:51 2021,1639340151,0,1048,1048,1037
Sun Dec 12 15:15:50 2021,1639340150,0,1056,1056,1039
Sun Dec 12 15:15:59 2021,1639340159,0,1059,1059,1031
Sun Dec 12 15:15:51 2021,1639340151,0,1072,1072,1071
Sun Dec 12 15:16:00 2021,1639340160,0,1074,1074,1073
Sun Dec 12 15:16:00 2021,1639340160,0,1083,1083,1074
Sun Dec 12 15:16:01 2021,1639340161,0,1098,1098,1097
Sun Dec 12 15:15:59 2021,1639340159,0,1103,1103,1099
Sun Dec 12 15:16:03 2021,1639340163,0,1110,1110,1083
Sun Dec 12 15:16:02 2021,1639340162,0,1120,1120,1120
Sun Dec 12 15:15:51 2021,1639340151,0,1135,1135,1127
Sun Dec 12 15:16:05 2021,1639340165,0,1138,1138,1138
Sun Dec 12 15:15:51 2021,1639340151,0,1143,1143,1134
Sun Dec 12 15:15:59 2021,1639340159,0,1149,1149,1149
Sun Dec 12 15:16:05 2021,1639340165,0,1156,1156,1156
Sun Dec 12 15:16:02 2021,1639340162,0,1158,1158,1158
Sun Dec 12 15:16:02 2021,1639340162,0,1182,1182,1180
Sun Dec 12 15:16:05 2021,1639340165,0,1184,1184,1183
Sun Dec 12 15:16:05 2021,1639340165,0,1198,1198,1197
Sun Dec 12 15:16:05 2021,1639340165,0,1207,1208,1207
Sun Dec 12 15:15:52 2021,1639340152,0,1209,1209,1194
Sun Dec 12 15:16:05 2021,1639340165,0,1210,1210,1209
Sun Dec 12 15:16:05 2021,1639340165,0,1213,1213,1212
Sun Dec 12 15:16:05 2021,1639340165,0,1223,1223,1214
Sun Dec 12 15:16:05 2021,1639340165,0,1225,1225,1224
Sun Dec 12 15:16:05 2021,1639340165,0,1229,1229,1229
Sun Dec 12 15:16:05 2021,1639340165,0,1232,1232,1229
Sun Dec 12 15:15:59 2021,1639340159,0,1233,1233,1211
Sun Dec 12 15:16:05 2021,1639340165,0,1235,1235,1234
Sun Dec 12 15:16:05 2021,1639340165,0,1242,1242,1241
Sun Dec 12 15:16:05 2021,1639340165,0,1247,1247,1247
Sun Dec 12 15:16:05 2021,1639340165,0,1270,1270,1270
Sun Dec 12 15:16:02 2021,1639340162,0,1270,1270,1259
Sun Dec 12 15:16:05 2021,1639340165,0,1271,1271,1262
Sun Dec 12 15:16:05 2021,1639340165,0,1281,1281,1281
Sun Dec 12 15:16:05 2021,1639340165,0,1283,1283,1277
Sun Dec 12 15:16:04 2021,1639340164,0,1298,1298,1297
Sun Dec 12 15:16:05 2021,1639340165,0,1298,1298,1298
Sun Dec 12 15:15:54 2021,1639340154,0,1300,1300,1299
Sun Dec 12 15:16:05 2021,1639340165,0,1300,1300,1299
Sun Dec 12 15:16:04 2021,1639340164,0,1304,1304,1289
Sun Dec 12 15:15:58 2021,1639340158,0,1307,1307,1293
Sun Dec 12 15:15:51 2021,1639340151,0,1349,1349,1347
Sun Dec 12 15:15:58 2021,1639340158,0,1363,1363,1344
Sun Dec 12 15:15:52 2021,1639340152,0,1364,1364,1361
Sun Dec 12 15:16:02 2021,1639340162,0,1377,1377,1376
Sun Dec 12 15:15:58 2021,1639340158,0,1396,1396,1386
Sun Dec 12 15:16:01 2021,1639340161,0,1413,1413,1411
Sun Dec 12 15:15:50 2021,1639340150,0,1414,1414,1413
Sun Dec 12 15:16:00 2021,1639340160,0,1414,1414,1407
Sun Dec 12 15:15:51 2021,1639340151,0,1419,1419,1418
Sun Dec 12 15:16:02 2021,1639340162,0,1430,1430,1392
Sun Dec 12 15:15:56 2021,1639340156,0,1434,1434,1415
Sun Dec 12 15:15:53 2021,1639340153,0,1438,1438,1438
Sun Dec 12 15:15:58 2021,1639340158,0,1458,1458,1457
Sun Dec 12 15:15:48 2021,1639340148,1,1464,1465,1463
Sun Dec 12 15:15:48 2021,1639340148,1,1464,1465,1461
Sun Dec 12 15:16:02 2021,1639340162,0,1468,1468,1467
Sun Dec 12 15:15:58 2021,1639340158,0,1469,1469,1468
Sun Dec 12 15:15:58 2021,1639340158,0,1478,1478,1466
Sun Dec 12 15:15:48 2021,1639340148,1,1481,1481,1480
Sun Dec 12 15:15:58 2021,1639340158,0,1491,1491,1491
Sun Dec 12 15:16:03 2021,1639340163,0,1491,1491,1491
Sun Dec 12 15:16:03 2021,1639340163,0,1492,1492,1492
Sun Dec 12 15:15:58 2021,1639340158,0,1493,1493,1493
Sun Dec 12 15:15:52 2021,1639340152,0,1494,1494,1494
Sun Dec 12 15:16:00 2021,1639340160,0,1495,1495,1477
Sun Dec 12 15:15:55 2021,1639340155,0,1500,1500,1488
Sun Dec 12 15:15:51 2021,1639340151,0,1500,1500,1496
Sun Dec 12 15:16:01 2021,1639340161,0,1507,1507,1507
Sun Dec 12 15:15:58 2021,1639340158,0,1508,1508,1508
Sun Dec 12 15:15:52 2021,1639340152,0,1509,1509,1508
Sun Dec 12 15:16:03 2021,1639340163,0,1509,1509,1509
Sun Dec 12 15:15:48 2021,1639340148,1,1521,1522,1519
Sun Dec 12 15:15:48 2021,1639340148,1,1539,1540,1538
Sun Dec 12 15:16:03 2021,1639340163,0,1542,1542,1541
Sun Dec 12 15:15:58 2021,1639340158,0,1543,1543,1542
Sun Dec 12 15:16:02 2021,1639340162,0,1550,1550,1549
Sun Dec 12 15:15:55 2021,1639340155,0,1559,1559,1551
Sun Dec 12 15:15:52 2021,1639340152,0,1561,1561,1559
Sun Dec 12 15:15:54 2021,1639340154,0,1569,1569,1567
Sun Dec 12 15:15:58 2021,1639340158,0,1578,1578,1577
Sun Dec 12 15:16:00 2021,1639340160,0,1581,1581,1559
Sun Dec 12 15:15:48 2021,1639340148,1,1582,1583,1581
Sun Dec 12 15:16:02 2021,1639340162,0,1584,1584,1583
Sun Dec 12 15:16:02 2021,1639340162,0,1598,1598,1593
Sun Dec 12 15:16:03 2021,1639340163,0,1606,1606,1606
Sun Dec 12 15:16:03 2021,1639340163,0,1611,1611,1604
Sun Dec 12 15:15:57 2021,1639340157,0,1616,1616,1615
Sun Dec 12 15:15:50 2021,1639340150,0,1617,1617,1601
Sun Dec 12 15:15:50 2021,1639340150,0,1618,1619,1618
Sun Dec 12 15:16:00 2021,1639340160,0,1620,1621,1620
Sun Dec 12 15:15:57 2021,1639340157,0,1627,1627,1626
Sun Dec 12 15:15:55 2021,1639340155,0,1642,1642,1641
Sun Dec 12 15:15:48 2021,1639340148,1,1645,1647,1645
Sun Dec 12 15:15:56 2021,1639340156,0,1654,1654,1645
Sun Dec 12 15:15:56 2021,1639340156,0,1657,1657,1648
Sun Dec 12 15:15:52 2021,1639340152,0,1661,1661,1661
Sun Dec 12 15:15:48 2021,1639340148,1,1667,1668,1666
Sun Dec 12 15:15:56 2021,1639340156,0,1671,1671,1662
Sun Dec 12 15:15:48 2021,1639340148,1,1670,1671,1670
Sun Dec 12 15:15:58 2021,1639340158,0,1671,1671,1670
Sun Dec 12 15:15:56 2021,1639340156,0,1675,1675,1674
Sun Dec 12 15:15:51 2021,1639340151,0,1678,1678,1675
Sun Dec 12 15:15:56 2021,1639340156,0,1680,1680,1678
Sun Dec 12 15:16:00 2021,1639340160,0,1684,1684,1684
Sun Dec 12 15:16:02 2021,1639340162,0,1688,1688,1687
Sun Dec 12 15:15:52 2021,1639340152,0,1688,1688,1688
Sun Dec 12 15:15:50 2021,1639340150,0,1691,1691,1690
Sun Dec 12 15:15:56 2021,1639340156,0,1693,1693,1693
Sun Dec 12 15:15:58 2021,1639340158,0,1700,1700,1700
Sun Dec 12 15:15:51 2021,1639340151,0,1705,1705,1698
Sun Dec 12 15:15:56 2021,1639340156,0,1705,1706,1705
Sun Dec 12 15:15:51 2021,1639340151,0,1707,1707,1679
Sun Dec 12 15:15:58 2021,1639340158,0,1711,1711,1710
Sun Dec 12 15:15:51 2021,1639340151,0,1715,1715,1712
Sun Dec 12 15:16:00 2021,1639340160,0,1719,1719,1692
Sun Dec 12 15:15:48 2021,1639340148,1,1727,1728,1717
Sun Dec 12 15:15:54 2021,1639340154,0,1728,1728,1728
Sun Dec 12 15:15:56 2021,1639340156,0,1733,1733,1732
Sun Dec 12 15:15:56 2021,1639340156,0,1735,1735,1734
Sun Dec 12 15:15:57 2021,1639340157,0,1738,1738,1716
Sun Dec 12 15:15:51 2021,1639340151,0,1740,1740,1740
Sun Dec 12 15:15:57 2021,1639340157,0,1748,1748,1747
Sun Dec 12 15:16:00 2021,1639340160,0,1750,1750,1740
Sun Dec 12 15:15:48 2021,1639340148,1,1751,1752,1750
Sun Dec 12 15:15:55 2021,1639340155,0,1754,1754,1752
Sun Dec 12 15:15:50 2021,1639340150,0,1756,1756,1735
Sun Dec 12 15:15:56 2021,1639340156,0,1757,1757,1756
Sun Dec 12 15:15:58 2021,1639340158,0,1760,1760,1759
Sun Dec 12 15:15:56 2021,1639340156,0,1761,1761,1760
Sun Dec 12 15:15:56 2021,1639340156,0,1761,1761,1757
Sun Dec 12 15:15:48 2021,1639340148,1,1762,1763,1762
Sun Dec 12 15:15:48 2021,1639340148,1,1764,1765,1763
Sun Dec 12 15:15:56 2021,1639340156,0,1770,1770,1759
Sun Dec 12 15:15:55 2021,1639340155,0,1779,1779,1777
Sun Dec 12 15:15:52 2021,1639340152,0,1799,1799,1798
Sun Dec 12 15:15:52 2021,1639340152,0,1817,1817,1810
Sun Dec 12 15:16:00 2021,1639340160,0,1822,1822,1822
Sun Dec 12 15:15:52 2021,1639340152,0,1824,1824,1823
Sun Dec 12 15:15:58 2021,1639340158,0,1833,1833,1825
Sun Dec 12 15:15:56 2021,1639340156,0,1841,1841,1840
Sun Dec 12 15:15:58 2021,1639340158,0,1845,1845,1844
Sun Dec 12 15:15:55 2021,1639340155,0,1860,1860,1859
Sun Dec 12 15:15:55 2021,1639340155,0,1862,1862,1859
Sun Dec 12 15:15:48 2021,1639340148,1,1862,1863,1860
Sun Dec 12 15:16:00 2021,1639340160,0,1892,1892,1878
Sun Dec 12 15:15:52 2021,1639340152,0,1895,1895,1895
Sun Dec 12 15:15:48 2021,1639340148,1,1910,1911,1906
Sun Dec 12 15:16:03 2021,1639340163,0,1925,1926,1916
Sun Dec 12 15:15:56 2021,1639340156,0,1972,1972,1971
Sun Dec 12 15:16:01 2021,1639340161,0,1975,1975,1974
Sun Dec 12 15:15:53 2021,1639340153,0,1982,1982,1982
Sun Dec 12 15:15:48 2021,1639340148,1,1986,1986,1985
Sun Dec 12 15:15:48 2021,1639340148,1,1991,1992,1990
Sun Dec 12 15:15:52 2021,1639340152,0,2000,2000,1999
Sun Dec 12 15:16:01 2021,1639340161,0,2004,2004,2004
Sun Dec 12 15:15:52 2021,1639340152,0,2012,2012,2012
Sun Dec 12 15:16:00 2021,1639340160,0,2017,2017,2012
Sun Dec 12 15:15:57 2021,1639340157,0,2027,2027,2008
Sun Dec 12 15:15:50 2021,1639340150,0,2034,2034,2033
Sun Dec 12 15:16:00 2021,1639340160,0,2067,2067,2065
Sun Dec 12 15:15:57 2021,1639340157,0,2069,2069,2068
Sun Dec 12 15:15:48 2021,1639340148,1,2112,2113,2110
Sun Dec 12 15:15:48 2021,1639340148,1,2113,2114,2112
Sun Dec 12 15:15:51 2021,1639340151,0,2133,2133,2132
Sun Dec 12 15:15:48 2021,1639340148,1,2140,2141,2140
Sun Dec 12 15:15:54 2021,1639340154,0,2184,2184,2182
Sun Dec 12 15:16:01 2021,1639340161,0,2186,2186,2183
Sun Dec 12 15:15:48 2021,1639340148,1,2234,2234,2205
Sun Dec 12 15:15:48 2021,1639340148,1,2275,2275,2270
Sun Dec 12 15:15:48 2021,1639340148,1,2277,2278,2271
Sun Dec 12 15:16:01 2021,1639340161,0,2299,2299,2297
Sun Dec 12 15:15:48 2021,1639340148,1,2333,2334,2333
Sun Dec 12 15:15:54 2021,1639340154,0,2358,2358,2345
Sun Dec 12 15:16:03 2021,1639340163,0,3168,3168,3167
Sun Dec 12 15:16:03 2021,1639340163,0,3175,3175,3173
Sun Dec 12 15:16:03 2021,1639340163,0,3182,3182,3182
Sun Dec 12 15:16:02 2021,1639340162,0,3184,3184,3183
Sun Dec 12 15:16:02 2021,1639340162,0,3208,3208,3207
Sun Dec 12 15:16:02 2021,1639340162,0,3240,3241,3240
Sun Dec 12 15:16:02 2021,1639340162,0,3289,3289,3288
Sun Dec 12 15:15:57 2021,1639340157,0,3380,3380,3380
Sun Dec 12 15:15:48 2021,1639340148,1,3513,3514,3512
Sun Dec 12 15:16:01 2021,1639340161,0,3535,3535,3534
Sun Dec 12 15:15:48 2021,1639340148,1,3616,3617,3612
Sun Dec 12 15:15:48 2021,1639340148,1,3634,3635,3621
Sun Dec 12 15:16:00 2021,1639340160,0,3692,3692,3691
Sun Dec 12 15:15:53 2021,1639340153,0,3721,3721,3720
Sun Dec 12 15:15:58 2021,1639340158,0,3728,3728,3727
Sun Dec 12 15:15:57 2021,1639340157,0,3731,3731,3720
Sun Dec 12 15:15:48 2021,1639340148,1,3783,3785,3774
Sun Dec 12 15:15:57 2021,1639340157,0,3834,3834,3780
Sun Dec 12 15:15:51 2021,1639340151,0,3836,3836,3824
Sun Dec 12 15:15:53 2021,1639340153,0,3844,3844,3843
Sun Dec 12 15:15:51 2021,1639340151,0,3943,3943,3938
Sun Dec 12 15:15:51 2021,1639340151,0,3995,3995,3990